DELETE FROM PUBLIC.TAXON;
DELETE FROM PUBLIC.TAXONTREEDEFITEM;              
DELETE FROM PUBLIC.TAXONTREEDEF;
DELETE FROM PUBLIC.STORAGE CASCADE;
DELETE FROM PUBLIC.STORAGETREEDEFITEM CASCADE;
DELETE FROM PUBLIC.STORAGETREEDEF CASCADE;

INSERT INTO PUBLIC.TAXONTREEDEF(TAXONTREEDEFID, TIMESTAMPCREATED, TIMESTAMPMODIFIED, VERSION, FULLNAMEDIRECTION, NAME, REMARKS, CREATEDBYAGENTID, MODIFIEDBYAGENTID) VALUES
(1, TIMESTAMP '2012-01-04 16:15:07.977', TIMESTAMP '2012-01-04 16:15:07.977', 1, 1, 'Taxon', NULL, NULL, NULL);

INSERT INTO PUBLIC.TAXONTREEDEFITEM(TAXONTREEDEFITEMID, TIMESTAMPCREATED, TIMESTAMPMODIFIED, VERSION, FORMATTOKEN, FULLNAMESEPARATOR, ISENFORCED, ISINFULLNAME, NAME, RANKID, REMARKS, TEXTAFTER, TEXTBEFORE, TAXONTREEDEFID, PARENTITEMID, CREATEDBYAGENTID, MODIFIEDBYAGENTID) VALUES
(5, TIMESTAMP '2012-01-04 16:15:11.587', TIMESTAMP '2012-01-04 16:15:11.587', 0, NULL, ' ', TRUE, FALSE, 'Taxonomy Root', 0, NULL, NULL, NULL, 1, NULL, NULL, NULL),
(16, TIMESTAMP '2012-01-04 16:15:11.587', TIMESTAMP '2012-01-04 16:15:11.587', 0, NULL, ' ', TRUE, FALSE, 'Kingdom', 10, NULL, NULL, NULL, 1, 5, NULL, NULL),
(22, TIMESTAMP '2012-01-04 16:15:11.587', TIMESTAMP '2012-01-04 16:15:11.587', 0, NULL, ' ', FALSE, FALSE, 'Subkingdom', 20, NULL, NULL, NULL, 1, 16, NULL, NULL),
(27, TIMESTAMP '2012-01-04 16:15:11.587', TIMESTAMP '2012-01-04 16:15:11.587', 0, NULL, ' ', TRUE, FALSE, 'Phylum', 30, NULL, NULL, NULL, 1, 22, NULL, NULL),
(15, TIMESTAMP '2012-01-04 16:15:11.587', TIMESTAMP '2012-01-04 16:15:11.587', 1, NULL, ' ', FALSE, FALSE, 'Subphylum', 40, NULL, NULL, NULL, 1, 27, NULL, NULL),
(4, TIMESTAMP '2012-01-04 16:15:11.587', TIMESTAMP '2012-01-04 16:15:11.587', 1, NULL, ' ', FALSE, FALSE, 'Superclass', 50, NULL, NULL, NULL, 1, 15, NULL, NULL),
(19, TIMESTAMP '2012-01-04 16:15:11.587', TIMESTAMP '2012-01-04 16:15:11.587', 0, NULL, ' ', TRUE, FALSE, 'Class', 60, NULL, NULL, NULL, 1, 4, NULL, NULL),
(25, TIMESTAMP '2012-01-04 16:15:11.587', TIMESTAMP '2012-01-04 16:15:11.587', 0, NULL, ' ', FALSE, FALSE, 'Subclass', 70, NULL, NULL, NULL, 1, 19, NULL, NULL),
(1, TIMESTAMP '2012-01-04 16:15:11.587', TIMESTAMP '2012-01-04 16:15:11.587', 1, NULL, ' ', FALSE, FALSE, 'Infraclass', 80, NULL, NULL, NULL, 1, 25, NULL, NULL),
(13, TIMESTAMP '2012-01-04 16:15:11.587', TIMESTAMP '2012-01-04 16:15:11.587', 0, NULL, ' ', FALSE, FALSE, 'Superorder', 90, NULL, NULL, NULL, 1, 1, NULL, NULL),
(6, TIMESTAMP '2012-01-04 16:15:11.587', TIMESTAMP '2012-01-04 16:15:11.587', 1, NULL, ' ', TRUE, FALSE, 'Order', 100, NULL, NULL, NULL, 1, 13, NULL, NULL),
(18, TIMESTAMP '2012-01-04 16:15:11.587', TIMESTAMP '2012-01-04 16:15:11.587', 0, NULL, ' ', FALSE, FALSE, 'Suborder', 110, NULL, NULL, NULL, 1, 6, NULL, NULL),
(12, TIMESTAMP '2012-01-04 16:15:11.587', TIMESTAMP '2012-01-04 16:15:11.587', 1, NULL, ' ', FALSE, FALSE, 'Infraorder', 120, NULL, NULL, NULL, 1, 18, NULL, NULL),
(2, TIMESTAMP '2012-01-04 16:15:11.587', TIMESTAMP '2012-01-04 16:15:11.587', 1, NULL, ' ', FALSE, FALSE, 'Superfamily', 130, NULL, NULL, NULL, 1, 12, NULL, NULL),
(20, TIMESTAMP '2012-01-04 16:15:11.587', TIMESTAMP '2012-01-04 16:15:11.587', 0, NULL, ' ', FALSE, FALSE, 'Family', 140, NULL, NULL, NULL, 1, 2, NULL, NULL),
(26, TIMESTAMP '2012-01-04 16:15:11.587', TIMESTAMP '2012-01-04 16:15:11.587', 0, NULL, ' ', FALSE, FALSE, 'Subfamily', 150, NULL, NULL, NULL, 1, 20, NULL, NULL),
(11, TIMESTAMP '2012-01-04 16:15:11.587', TIMESTAMP '2012-01-04 16:15:11.587', 1, NULL, ' ', FALSE, FALSE, 'Tribe', 160, NULL, NULL, NULL, 1, 26, NULL, NULL),
(9, TIMESTAMP '2012-01-04 16:15:11.587', TIMESTAMP '2012-01-04 16:15:11.587', 1, NULL, ' ', FALSE, FALSE, 'Subtribe', 170, NULL, NULL, NULL, 1, 11, NULL, NULL),
(17, TIMESTAMP '2012-01-04 16:15:11.587', TIMESTAMP '2012-01-04 16:15:11.587', 0, '%G', ' ', TRUE, TRUE, 'Genus', 180, NULL, NULL, NULL, 1, 9, NULL, NULL),
(3, TIMESTAMP '2012-01-04 16:15:11.587', TIMESTAMP '2012-01-04 16:15:11.587', 1, NULL, ' ', FALSE, TRUE, 'Subgenus', 190, NULL, NULL, NULL, 1, 17, NULL, NULL),
(7, TIMESTAMP '2012-01-04 16:15:11.587', TIMESTAMP '2012-01-04 16:15:11.587', 0, NULL, ' ', FALSE, TRUE, 'Section', 200, NULL, NULL, NULL, 1, 3, NULL, NULL),
(24, TIMESTAMP '2012-01-04 16:15:11.587', TIMESTAMP '2012-01-04 16:15:11.587', 0, NULL, ' ', FALSE, TRUE, 'Subsection', 210, NULL, NULL, NULL, 1, 7, NULL, NULL),
(23, TIMESTAMP '2012-01-04 16:15:11.587', TIMESTAMP '2012-01-04 16:15:11.587', 1, '%S', ' ', FALSE, TRUE, 'Species', 220, NULL, NULL, NULL, 1, 24, NULL, NULL),
(14, TIMESTAMP '2012-01-04 16:15:11.587', TIMESTAMP '2012-01-04 16:15:11.587', 1, '%SS', ' ', FALSE, TRUE, 'Subspecies', 230, NULL, NULL, NULL, 1, 23, NULL, NULL),
(21, TIMESTAMP '2012-01-04 16:15:11.587', TIMESTAMP '2012-01-04 16:15:11.587', 0, NULL, ' ', FALSE, TRUE, 'Variety', 240, NULL, NULL, NULL, 1, 14, NULL, NULL),
(8, TIMESTAMP '2012-01-04 16:15:11.587', TIMESTAMP '2012-01-04 16:15:11.587', 1, NULL, ' ', FALSE, TRUE, 'Subvariety', 250, NULL, NULL, NULL, 1, 21, NULL, NULL),
(10, TIMESTAMP '2012-01-04 16:15:11.587', TIMESTAMP '2012-01-04 16:15:11.587', 0, NULL, ' ', FALSE, TRUE, 'Forma', 260, NULL, NULL, NULL, 1, 8, NULL, NULL),
(28, TIMESTAMP '2012-01-04 16:15:11.587', TIMESTAMP '2012-01-04 16:15:11.587', 0, NULL, ' ', FALSE, TRUE, 'Subforma', 270, NULL, NULL, NULL, 1, 10, NULL, NULL);

INSERT INTO PUBLIC.TAXON(TAXONID, TIMESTAMPCREATED, TIMESTAMPMODIFIED, VERSION, AUTHOR, CITESSTATUS, COLSTATUS, COMMONNAME, CULTIVARNAME, ENVIRONMENTALPROTECTIONSTATUS, ESASTATUS, FULLNAME, GROUPNUMBER, GUID, ISACCEPTED, ISHYBRID, ISISNUMBER, LABELFORMAT, NAME, NCBITAXONNUMBER, NUMBER1, NUMBER2, RANKID, REMARKS, SOURCE, TAXONOMICSERIALNUMBER, TEXT1, TEXT2, UNITIND1, UNITIND2, UNITIND3, UNITIND4, UNITNAME1, UNITNAME2, UNITNAME3, UNITNAME4, USFWSCODE, VISIBILITY, PARENTID, STDEXAUTHORID, HYBRIDPARENT1ID, CREATEDBYAGENTID, PARSANCTAUTHORID, ACCEPTEDID, BASIONYMID, CITINAUTHORID, MODIFIEDBYAGENTID, HYBRIDPARENT2ID, SANCTAUTHORID, TAXONTREEDEFID, VISIBILITYSETBYID, STDAUTHORID, TAXONTREEDEFITEMID, PARAUTHORID, PAREXAUTHORID) VALUES
(1, TIMESTAMP '2012-01-04 16:15:11.587', TIMESTAMP '2012-01-04 16:15:11.587', 1, NULL, NULL, NULL, NULL, NULL, NULL, NULL, 'Life', NULL, NULL, TRUE, NULL, NULL, NULL, 'Life', NULL, NULL, NULL, 0, NULL, NULL, NULL, NULL, NULL, NULL, NULL, NULL, NULL, NULL, NULL, NULL, NULL, NULL, NULL, NULL, NULL, NULL, NULL, NULL, NULL, NULL, NULL, NULL, NULL, NULL, 1, NULL, NULL, 5, NULL, NULL),
(2, TIMESTAMP '2012-01-04 16:15:11.588', TIMESTAMP '2012-01-04 16:15:11.588', 1, NULL, NULL, NULL, NULL, NULL, NULL, NULL, 'Animalia', NULL, NULL, TRUE, NULL, NULL, NULL, 'Animalia', NULL, NULL, NULL, 10, NULL, NULL, NULL, NULL, NULL, NULL, NULL, NULL, NULL, NULL, NULL, NULL, NULL, NULL, NULL, 1, NULL, NULL, NULL, NULL, NULL, NULL, NULL, NULL, NULL, NULL, 1, NULL, NULL, 16, NULL, NULL),
(3, TIMESTAMP '2012-01-04 16:15:11.588', TIMESTAMP '2012-01-04 16:15:11.588', 1, NULL, NULL, NULL, NULL, NULL, NULL, NULL, 'Chordata', NULL, NULL, TRUE, NULL, NULL, NULL, 'Chordata', NULL, NULL, NULL, 30, NULL, NULL, NULL, NULL, NULL, NULL, NULL, NULL, NULL, NULL, NULL, NULL, NULL, NULL, NULL, 2, NULL, NULL, NULL, NULL, NULL, NULL, NULL, NULL, NULL, NULL, 1, NULL, NULL, 27, NULL, NULL),
(4, TIMESTAMP '2012-01-04 16:15:11.588', TIMESTAMP '2012-01-04 16:15:11.588', 1, NULL, NULL, NULL, NULL, NULL, NULL, NULL, 'Vertebrata', NULL, NULL, TRUE, NULL, NULL, NULL, 'Vertebrata', NULL, NULL, NULL, 40, NULL, NULL, NULL, NULL, NULL, NULL, NULL, NULL, NULL, NULL, NULL, NULL, NULL, NULL, NULL, 3, NULL, NULL, NULL, NULL, NULL, NULL, NULL, NULL, NULL, NULL, 1, NULL, NULL, 15, NULL, NULL),
(5, TIMESTAMP '2012-01-04 16:15:11.588', TIMESTAMP '2012-01-04 16:15:11.588', 1, NULL, NULL, NULL, NULL, NULL, NULL, NULL, 'Osteichthyes', NULL, NULL, TRUE, NULL, NULL, NULL, 'Osteichthyes', NULL, NULL, NULL, 50, NULL, NULL, NULL, NULL, NULL, NULL, NULL, NULL, NULL, NULL, NULL, NULL, NULL, NULL, NULL, 4, NULL, NULL, NULL, NULL, NULL, NULL, NULL, NULL, NULL, NULL, 1, NULL, NULL, 4, NULL, NULL),
(6, TIMESTAMP '2012-01-04 16:15:11.588', TIMESTAMP '2012-01-04 16:15:11.588', 1, NULL, NULL, NULL, NULL, NULL, NULL, NULL, 'Actinopterygii', NULL, NULL, TRUE, NULL, NULL, NULL, 'Actinopterygii', NULL, NULL, NULL, 60, NULL, NULL, NULL, NULL, NULL, NULL, NULL, NULL, NULL, NULL, NULL, NULL, NULL, NULL, NULL, 5, NULL, NULL, NULL, NULL, NULL, NULL, NULL, NULL, NULL, NULL, 1, NULL, NULL, 19, NULL, NULL),
(7, TIMESTAMP '2012-01-04 16:15:11.588', TIMESTAMP '2012-01-04 16:15:11.588', 1, NULL, NULL, NULL, NULL, NULL, NULL, NULL, 'Neopterygii', NULL, NULL, TRUE, NULL, NULL, NULL, 'Neopterygii', NULL, NULL, NULL, 70, NULL, NULL, NULL, NULL, NULL, NULL, NULL, NULL, NULL, NULL, NULL, NULL, NULL, NULL, NULL, 6, NULL, NULL, NULL, NULL, NULL, NULL, NULL, NULL, NULL, NULL, 1, NULL, NULL, 25, NULL, NULL),
(8, TIMESTAMP '2012-01-04 16:15:11.588', TIMESTAMP '2012-01-04 16:15:11.588', 1, NULL, NULL, NULL, NULL, NULL, NULL, NULL, 'Teleostei', NULL, NULL, TRUE, NULL, NULL, NULL, 'Teleostei', NULL, NULL, NULL, 80, NULL, NULL, NULL, NULL, NULL, NULL, NULL, NULL, NULL, NULL, NULL, NULL, NULL, NULL, NULL, 7, NULL, NULL, NULL, NULL, NULL, NULL, NULL, NULL, NULL, NULL, 1, NULL, NULL, 1, NULL, NULL),
(9, TIMESTAMP '2012-01-04 16:15:11.588', TIMESTAMP '2012-01-04 16:15:11.588', 1, NULL, NULL, NULL, NULL, NULL, NULL, NULL, 'Acanthopterygii', NULL, NULL, TRUE, NULL, NULL, NULL, 'Acanthopterygii', NULL, NULL, NULL, 90, NULL, NULL, NULL, NULL, NULL, NULL, NULL, NULL, NULL, NULL, NULL, NULL, NULL, NULL, NULL, 8, NULL, NULL, NULL, NULL, NULL, NULL, NULL, NULL, NULL, NULL, 1, NULL, NULL, 13, NULL, NULL);    
INSERT INTO PUBLIC.TAXON(TAXONID, TIMESTAMPCREATED, TIMESTAMPMODIFIED, VERSION, AUTHOR, CITESSTATUS, COLSTATUS, COMMONNAME, CULTIVARNAME, ENVIRONMENTALPROTECTIONSTATUS, ESASTATUS, FULLNAME, GROUPNUMBER, GUID, ISACCEPTED, ISHYBRID, ISISNUMBER, LABELFORMAT, NAME, NCBITAXONNUMBER, NUMBER1, NUMBER2, RANKID, REMARKS, SOURCE, TAXONOMICSERIALNUMBER, TEXT1, TEXT2, UNITIND1, UNITIND2, UNITIND3, UNITIND4, UNITNAME1, UNITNAME2, UNITNAME3, UNITNAME4, USFWSCODE, VISIBILITY, PARENTID, STDEXAUTHORID, HYBRIDPARENT1ID, CREATEDBYAGENTID, PARSANCTAUTHORID, ACCEPTEDID, BASIONYMID, CITINAUTHORID, MODIFIEDBYAGENTID, HYBRIDPARENT2ID, SANCTAUTHORID, TAXONTREEDEFID, VISIBILITYSETBYID, STDAUTHORID, TAXONTREEDEFITEMID, PARAUTHORID, PAREXAUTHORID) VALUES
(10, TIMESTAMP '2012-01-04 16:15:11.588', TIMESTAMP '2012-01-04 16:15:11.588', 1, NULL, NULL, NULL, NULL, NULL, NULL, NULL, 'Perciformes', NULL, NULL, TRUE, NULL, NULL, NULL, 'Perciformes', NULL, NULL, NULL, 100, NULL, NULL, NULL, NULL, NULL, NULL, NULL, NULL, NULL, NULL, NULL, NULL, NULL, NULL, NULL, 9, NULL, NULL, NULL, NULL, NULL, NULL, NULL, NULL, NULL, NULL, 1, NULL, NULL, 6, NULL, NULL),
(11, TIMESTAMP '2012-01-04 16:15:11.588', TIMESTAMP '2012-01-04 16:15:11.588', 1, NULL, NULL, NULL, NULL, NULL, NULL, NULL, 'Percoidei', NULL, NULL, TRUE, NULL, NULL, NULL, 'Percoidei', NULL, NULL, NULL, 110, NULL, NULL, NULL, NULL, NULL, NULL, NULL, NULL, NULL, NULL, NULL, NULL, NULL, NULL, NULL, 10, NULL, NULL, NULL, NULL, NULL, NULL, NULL, NULL, NULL, NULL, 1, NULL, NULL, 18, NULL, NULL),
(12, TIMESTAMP '2012-01-04 16:15:11.588', TIMESTAMP '2012-01-04 16:15:11.588', 1, NULL, NULL, NULL, NULL, NULL, NULL, NULL, 'Carangidae', NULL, NULL, TRUE, NULL, NULL, NULL, 'Carangidae', NULL, NULL, NULL, 140, NULL, NULL, NULL, NULL, NULL, NULL, NULL, NULL, NULL, NULL, NULL, NULL, NULL, NULL, NULL, 11, NULL, NULL, NULL, NULL, NULL, NULL, NULL, NULL, NULL, NULL, 1, NULL, NULL, 20, NULL, NULL),
(13, TIMESTAMP '2012-01-04 16:15:11.588', TIMESTAMP '2012-01-04 16:15:11.588', 1, NULL, NULL, NULL, NULL, NULL, NULL, NULL, 'Caranx', NULL, NULL, TRUE, NULL, NULL, NULL, 'Caranx', NULL, NULL, NULL, 180, NULL, NULL, NULL, NULL, NULL, NULL, NULL, NULL, NULL, NULL, NULL, NULL, NULL, NULL, NULL, 12, NULL, NULL, NULL, NULL, NULL, NULL, NULL, NULL, NULL, NULL, 1, NULL, NULL, 17, NULL, NULL),
(14, TIMESTAMP '2012-01-04 16:15:11.588', TIMESTAMP '2012-01-04 16:15:11.588', 1, NULL, NULL, NULL, 'crevalle jack', NULL, NULL, NULL, 'Caranx hippos', NULL, NULL, TRUE, NULL, NULL, NULL, 'hippos', NULL, NULL, NULL, 220, NULL, NULL, NULL, NULL, NULL, NULL, NULL, NULL, NULL, NULL, NULL, NULL, NULL, NULL, NULL, 13, NULL, NULL, NULL, NULL, NULL, NULL, NULL, NULL, NULL, NULL, 1, NULL, NULL, 23, NULL, NULL),
(15, TIMESTAMP '2012-01-04 16:15:11.588', TIMESTAMP '2012-01-04 16:15:11.588', 1, NULL, NULL, NULL, 'horse-eye jack', NULL, NULL, NULL, 'Caranx latus', NULL, NULL, TRUE, NULL, NULL, NULL, 'latus', NULL, NULL, NULL, 220, NULL, NULL, NULL, NULL, NULL, NULL, NULL, NULL, NULL, NULL, NULL, NULL, NULL, NULL, NULL, 13, NULL, NULL, NULL, NULL, NULL, NULL, NULL, NULL, NULL, NULL, 1, NULL, NULL, 23, NULL, NULL),
(16, TIMESTAMP '2012-01-04 16:15:11.588', TIMESTAMP '2012-01-04 16:15:11.588', 1, NULL, NULL, NULL, 'Pacific crevalle jack', NULL, NULL, NULL, 'Caranx caninus', NULL, NULL, TRUE, NULL, NULL, NULL, 'caninus', NULL, NULL, NULL, 220, NULL, NULL, NULL, NULL, NULL, NULL, NULL, NULL, NULL, NULL, NULL, NULL, NULL, NULL, NULL, 13, NULL, NULL, NULL, NULL, NULL, NULL, NULL, NULL, NULL, NULL, 1, NULL, NULL, 23, NULL, NULL),
(17, TIMESTAMP '2012-01-04 16:15:11.588', TIMESTAMP '2012-01-04 16:15:11.588', 2, NULL, NULL, NULL, 'Blue runner', NULL, NULL, NULL, 'Caranx fusus', NULL, NULL, FALSE, NULL, NULL, NULL, 'fusus', NULL, NULL, NULL, 220, NULL, NULL, NULL, NULL, NULL, NULL, NULL, NULL, NULL, NULL, NULL, NULL, NULL, NULL, NULL, 13, NULL, NULL, NULL, NULL, NULL, NULL, NULL, NULL, NULL, NULL, 1, NULL, NULL, 23, NULL, NULL),
(18, TIMESTAMP '2012-01-04 16:15:11.588', TIMESTAMP '2012-01-04 16:15:11.588', 1, NULL, NULL, NULL, 'yellow jack', NULL, NULL, NULL, 'Caranx bartholomaei', NULL, NULL, TRUE, NULL, NULL, NULL, 'bartholomaei', NULL, NULL, NULL, 220, NULL, NULL, NULL, NULL, NULL, NULL, NULL, NULL, NULL, NULL, NULL, NULL, NULL, NULL, NULL, 13, NULL, NULL, NULL, NULL, NULL, NULL, NULL, NULL, NULL, NULL, 1, NULL, NULL, 23, NULL, NULL);  
INSERT INTO PUBLIC.TAXON(TAXONID, TIMESTAMPCREATED, TIMESTAMPMODIFIED, VERSION, AUTHOR, CITESSTATUS, COLSTATUS, COMMONNAME, CULTIVARNAME, ENVIRONMENTALPROTECTIONSTATUS, ESASTATUS, FULLNAME, GROUPNUMBER, GUID, ISACCEPTED, ISHYBRID, ISISNUMBER, LABELFORMAT, NAME, NCBITAXONNUMBER, NUMBER1, NUMBER2, RANKID, REMARKS, SOURCE, TAXONOMICSERIALNUMBER, TEXT1, TEXT2, UNITIND1, UNITIND2, UNITIND3, UNITIND4, UNITNAME1, UNITNAME2, UNITNAME3, UNITNAME4, USFWSCODE, VISIBILITY, PARENTID, STDEXAUTHORID, HYBRIDPARENT1ID, CREATEDBYAGENTID, PARSANCTAUTHORID, ACCEPTEDID, BASIONYMID, CITINAUTHORID, MODIFIEDBYAGENTID, HYBRIDPARENT2ID, SANCTAUTHORID, TAXONTREEDEFID, VISIBILITYSETBYID, STDAUTHORID, TAXONTREEDEFITEMID, PARAUTHORID, PAREXAUTHORID) VALUES
(19, TIMESTAMP '2012-01-04 16:15:11.588', TIMESTAMP '2012-01-04 16:15:11.588', 1, NULL, NULL, NULL, 'blue runner', NULL, NULL, NULL, 'Caranx crysos', NULL, NULL, TRUE, NULL, NULL, NULL, 'crysos', NULL, NULL, NULL, 220, NULL, NULL, NULL, NULL, NULL, NULL, NULL, NULL, NULL, NULL, NULL, NULL, NULL, NULL, NULL, 13, NULL, NULL, NULL, NULL, NULL, NULL, NULL, NULL, NULL, NULL, 1, NULL, NULL, 23, NULL, NULL),
(20, TIMESTAMP '2012-01-04 16:15:11.588', TIMESTAMP '2012-01-04 16:15:11.588', 1, NULL, NULL, NULL, 'Blacktailed trevally', NULL, NULL, NULL, 'Caranx carangus', NULL, NULL, FALSE, NULL, NULL, NULL, 'carangus', NULL, NULL, NULL, 220, NULL, NULL, NULL, NULL, NULL, NULL, NULL, NULL, NULL, NULL, NULL, NULL, NULL, NULL, NULL, 13, NULL, NULL, NULL, NULL, NULL, NULL, NULL, NULL, NULL, NULL, 1, NULL, NULL, 23, NULL, NULL),
(21, TIMESTAMP '2012-01-04 16:15:11.588', TIMESTAMP '2012-01-04 16:15:11.588', 1, NULL, NULL, NULL, 'white trevally', NULL, NULL, NULL, 'Caranx dentex', NULL, NULL, TRUE, NULL, NULL, NULL, 'dentex', NULL, NULL, NULL, 220, NULL, NULL, NULL, NULL, NULL, NULL, NULL, NULL, NULL, NULL, NULL, NULL, NULL, NULL, NULL, 13, NULL, NULL, NULL, NULL, NULL, NULL, NULL, NULL, NULL, NULL, 1, NULL, NULL, 23, NULL, NULL),
(22, TIMESTAMP '2012-01-04 16:15:11.588', TIMESTAMP '2012-01-04 16:15:11.588', 1, NULL, NULL, NULL, 'green jack', NULL, NULL, NULL, 'Caranx caballus', NULL, NULL, TRUE, NULL, NULL, NULL, 'caballus', NULL, NULL, NULL, 220, NULL, NULL, NULL, NULL, NULL, NULL, NULL, NULL, NULL, NULL, NULL, NULL, NULL, NULL, NULL, 13, NULL, NULL, NULL, NULL, NULL, NULL, NULL, NULL, NULL, NULL, 1, NULL, NULL, 23, NULL, NULL),
(23, TIMESTAMP '2012-01-04 16:15:11.588', TIMESTAMP '2012-01-04 16:15:11.588', 1, NULL, NULL, NULL, NULL, NULL, NULL, NULL, 'Percidae', NULL, NULL, TRUE, NULL, NULL, NULL, 'Percidae', NULL, NULL, NULL, 140, NULL, NULL, NULL, NULL, NULL, NULL, NULL, NULL, NULL, NULL, NULL, NULL, NULL, NULL, NULL, 11, NULL, NULL, NULL, NULL, NULL, NULL, NULL, NULL, NULL, NULL, 1, NULL, NULL, 20, NULL, NULL),
(24, TIMESTAMP '2012-01-04 16:15:11.588', TIMESTAMP '2012-01-04 16:15:11.588', 3, NULL, NULL, NULL, 'sand darters', NULL, NULL, NULL, 'Ammocrypta', NULL, NULL, TRUE, NULL, NULL, NULL, 'Ammocrypta', NULL, NULL, NULL, 180, NULL, NULL, NULL, NULL, NULL, NULL, NULL, NULL, NULL, NULL, NULL, NULL, NULL, NULL, NULL, 23, NULL, NULL, NULL, NULL, NULL, NULL, NULL, NULL, NULL, NULL, 1, NULL, NULL, 17, NULL, NULL),
(25, TIMESTAMP '2012-01-04 16:15:11.588', TIMESTAMP '2012-01-04 16:15:11.588', 1, NULL, NULL, NULL, 'Florida sand darter', NULL, NULL, NULL, 'Ammocrypta bifascia', NULL, NULL, TRUE, NULL, NULL, NULL, 'bifascia', NULL, NULL, NULL, 220, NULL, NULL, NULL, NULL, NULL, NULL, NULL, NULL, NULL, NULL, NULL, NULL, NULL, NULL, NULL, 24, NULL, NULL, NULL, NULL, NULL, NULL, NULL, NULL, NULL, NULL, 1, NULL, NULL, 23, NULL, NULL),
(26, TIMESTAMP '2012-01-04 16:15:11.588', TIMESTAMP '2012-01-04 16:15:11.588', 1, NULL, NULL, NULL, 'scaly sand darter', NULL, NULL, NULL, 'Ammocrypta vivax', NULL, NULL, TRUE, NULL, NULL, NULL, 'vivax', NULL, NULL, NULL, 220, NULL, NULL, NULL, NULL, NULL, NULL, NULL, NULL, NULL, NULL, NULL, NULL, NULL, NULL, NULL, 24, NULL, NULL, NULL, NULL, NULL, NULL, NULL, NULL, NULL, NULL, 1, NULL, NULL, 23, NULL, NULL),
(27, TIMESTAMP '2012-01-04 16:15:11.588', TIMESTAMP '2012-01-04 16:15:11.588', 1, NULL, NULL, NULL, 'naked sand darter', NULL, NULL, NULL, 'Ammocrypta beanii', NULL, NULL, TRUE, NULL, NULL, NULL, 'beanii', NULL, NULL, NULL, 220, NULL, NULL, NULL, NULL, NULL, NULL, NULL, NULL, NULL, NULL, NULL, NULL, NULL, NULL, NULL, 24, NULL, NULL, NULL, NULL, NULL, NULL, NULL, NULL, NULL, NULL, 1, NULL, NULL, 23, NULL, NULL);      
INSERT INTO PUBLIC.TAXON(TAXONID, TIMESTAMPCREATED, TIMESTAMPMODIFIED, VERSION, AUTHOR, CITESSTATUS, COLSTATUS, COMMONNAME, CULTIVARNAME, ENVIRONMENTALPROTECTIONSTATUS, ESASTATUS, FULLNAME, GROUPNUMBER, GUID, ISACCEPTED, ISHYBRID, ISISNUMBER, LABELFORMAT, NAME, NCBITAXONNUMBER, NUMBER1, NUMBER2, RANKID, REMARKS, SOURCE, TAXONOMICSERIALNUMBER, TEXT1, TEXT2, UNITIND1, UNITIND2, UNITIND3, UNITIND4, UNITNAME1, UNITNAME2, UNITNAME3, UNITNAME4, USFWSCODE, VISIBILITY, PARENTID, STDEXAUTHORID, HYBRIDPARENT1ID, CREATEDBYAGENTID, PARSANCTAUTHORID, ACCEPTEDID, BASIONYMID, CITINAUTHORID, MODIFIEDBYAGENTID, HYBRIDPARENT2ID, SANCTAUTHORID, TAXONTREEDEFID, VISIBILITYSETBYID, STDAUTHORID, TAXONTREEDEFITEMID, PARAUTHORID, PAREXAUTHORID) VALUES
(28, TIMESTAMP '2012-01-04 16:15:11.588', TIMESTAMP '2012-01-04 16:15:11.588', 2, NULL, NULL, NULL, 'crystal darter', NULL, NULL, NULL, 'Ammocrypta asprella', NULL, NULL, FALSE, NULL, NULL, NULL, 'asprella', NULL, NULL, NULL, 220, NULL, NULL, NULL, NULL, NULL, NULL, NULL, NULL, NULL, NULL, NULL, NULL, NULL, NULL, NULL, 24, NULL, NULL, NULL, NULL, NULL, NULL, NULL, NULL, NULL, NULL, 1, NULL, NULL, 23, NULL, NULL),
(29, TIMESTAMP '2012-01-04 16:15:11.588', TIMESTAMP '2012-01-04 16:15:11.588', 1, NULL, NULL, NULL, 'naked sand darter', NULL, NULL, NULL, 'Ammocrypta beani', NULL, NULL, FALSE, NULL, NULL, NULL, 'beani', NULL, NULL, NULL, 220, NULL, NULL, NULL, NULL, NULL, NULL, NULL, NULL, NULL, NULL, NULL, NULL, NULL, NULL, NULL, 24, NULL, NULL, NULL, NULL, NULL, NULL, NULL, NULL, NULL, NULL, 1, NULL, NULL, 23, NULL, NULL),
(30, TIMESTAMP '2012-01-04 16:15:11.588', TIMESTAMP '2012-01-04 16:15:11.588', 1, NULL, NULL, NULL, 'western sand darter', NULL, NULL, NULL, 'Ammocrypta clara', NULL, NULL, TRUE, NULL, NULL, NULL, 'clara', NULL, NULL, NULL, 220, NULL, NULL, NULL, NULL, NULL, NULL, NULL, NULL, NULL, NULL, NULL, NULL, NULL, NULL, NULL, 24, NULL, NULL, NULL, NULL, NULL, NULL, NULL, NULL, NULL, NULL, 1, NULL, NULL, 23, NULL, NULL),
(31, TIMESTAMP '2012-01-04 16:15:11.588', TIMESTAMP '2012-01-04 16:15:11.588', 1, NULL, NULL, NULL, 'eastern sand darter', NULL, NULL, NULL, 'Ammocrypta pellucida', NULL, NULL, TRUE, NULL, NULL, NULL, 'pellucida', NULL, NULL, NULL, 220, NULL, NULL, NULL, NULL, NULL, NULL, NULL, NULL, NULL, NULL, NULL, NULL, NULL, NULL, NULL, 24, NULL, NULL, NULL, NULL, NULL, NULL, NULL, NULL, NULL, NULL, 1, NULL, NULL, 23, NULL, NULL),
(32, TIMESTAMP '2012-01-04 16:15:11.588', TIMESTAMP '2012-01-04 16:15:11.588', 2, NULL, NULL, NULL, 'southern sand darter', NULL, NULL, NULL, 'Ammocrypta meridiana', NULL, NULL, FALSE, NULL, NULL, NULL, 'meridiana', NULL, NULL, NULL, 220, NULL, NULL, NULL, NULL, NULL, NULL, NULL, NULL, NULL, NULL, NULL, NULL, NULL, NULL, NULL, 24, NULL, NULL, NULL, NULL, NULL, NULL, NULL, NULL, NULL, NULL, 1, NULL, NULL, 23, NULL, NULL),
(33, TIMESTAMP '2012-01-04 16:15:11.588', TIMESTAMP '2012-01-04 16:15:11.588', 1, NULL, NULL, NULL, 'smoothbelly darters', NULL, NULL, NULL, 'Etheostoma', NULL, NULL, TRUE, NULL, NULL, NULL, 'Etheostoma', NULL, NULL, NULL, 180, NULL, NULL, NULL, NULL, NULL, NULL, NULL, NULL, NULL, NULL, NULL, NULL, NULL, NULL, NULL, 23, NULL, NULL, NULL, NULL, NULL, NULL, NULL, NULL, NULL, NULL, 1, NULL, NULL, 17, NULL, NULL),
(34, TIMESTAMP '2012-01-04 16:15:11.588', TIMESTAMP '2012-01-04 16:15:11.588', 1, NULL, NULL, NULL, 'scaly sand darter', NULL, NULL, NULL, 'Etheostoma vivax', NULL, NULL, FALSE, NULL, NULL, NULL, 'vivax', NULL, NULL, NULL, 220, NULL, NULL, NULL, NULL, NULL, NULL, NULL, NULL, NULL, NULL, NULL, NULL, NULL, NULL, NULL, 33, NULL, NULL, NULL, NULL, NULL, NULL, NULL, NULL, NULL, NULL, 1, NULL, NULL, 23, NULL, NULL),
(35, TIMESTAMP '2012-01-04 16:15:11.588', TIMESTAMP '2012-01-04 16:15:11.588', 1, NULL, NULL, NULL, 'southern sand darter', NULL, NULL, NULL, 'Etheostoma meridianum', NULL, NULL, TRUE, NULL, NULL, NULL, 'meridianum', NULL, NULL, NULL, 220, NULL, NULL, NULL, NULL, NULL, NULL, NULL, NULL, NULL, NULL, NULL, NULL, NULL, NULL, NULL, 33, NULL, NULL, NULL, NULL, NULL, NULL, NULL, NULL, NULL, NULL, 1, NULL, NULL, 23, NULL, NULL),
(36, TIMESTAMP '2012-01-04 16:15:11.588', TIMESTAMP '2012-01-04 16:15:11.588', 1, NULL, NULL, NULL, 'eastern sand darter', NULL, NULL, NULL, 'Etheostoma pellucidum', NULL, NULL, FALSE, NULL, NULL, NULL, 'pellucidum', NULL, NULL, NULL, 220, NULL, NULL, NULL, NULL, NULL, NULL, NULL, NULL, NULL, NULL, NULL, NULL, NULL, NULL, NULL, 33, NULL, NULL, NULL, NULL, NULL, NULL, NULL, NULL, NULL, NULL, 1, NULL, NULL, 23, NULL, NULL); 
INSERT INTO PUBLIC.TAXON(TAXONID, TIMESTAMPCREATED, TIMESTAMPMODIFIED, VERSION, AUTHOR, CITESSTATUS, COLSTATUS, COMMONNAME, CULTIVARNAME, ENVIRONMENTALPROTECTIONSTATUS, ESASTATUS, FULLNAME, GROUPNUMBER, GUID, ISACCEPTED, ISHYBRID, ISISNUMBER, LABELFORMAT, NAME, NCBITAXONNUMBER, NUMBER1, NUMBER2, RANKID, REMARKS, SOURCE, TAXONOMICSERIALNUMBER, TEXT1, TEXT2, UNITIND1, UNITIND2, UNITIND3, UNITIND4, UNITNAME1, UNITNAME2, UNITNAME3, UNITNAME4, USFWSCODE, VISIBILITY, PARENTID, STDEXAUTHORID, HYBRIDPARENT1ID, CREATEDBYAGENTID, PARSANCTAUTHORID, ACCEPTEDID, BASIONYMID, CITINAUTHORID, MODIFIEDBYAGENTID, HYBRIDPARENT2ID, SANCTAUTHORID, TAXONTREEDEFID, VISIBILITYSETBYID, STDAUTHORID, TAXONTREEDEFITEMID, PARAUTHORID, PAREXAUTHORID) VALUES
(37, TIMESTAMP '2012-01-04 16:15:11.588', TIMESTAMP '2012-01-04 16:15:11.588', 1, NULL, NULL, NULL, 'crystal darters', NULL, NULL, NULL, 'Crystallaria', NULL, NULL, TRUE, NULL, NULL, NULL, 'Crystallaria', NULL, NULL, NULL, 180, NULL, NULL, NULL, NULL, NULL, NULL, NULL, NULL, NULL, NULL, NULL, NULL, NULL, NULL, NULL, 23, NULL, NULL, NULL, NULL, NULL, NULL, NULL, NULL, NULL, NULL, 1, NULL, NULL, 17, NULL, NULL),
(38, TIMESTAMP '2012-01-04 16:15:11.588', TIMESTAMP '2012-01-04 16:15:11.588', 1, NULL, NULL, NULL, 'crystal darter', NULL, NULL, NULL, 'Crystallaria asprella', NULL, NULL, TRUE, NULL, NULL, NULL, 'asprella', NULL, NULL, NULL, 220, NULL, NULL, NULL, NULL, NULL, NULL, NULL, NULL, NULL, NULL, NULL, NULL, NULL, NULL, NULL, 37, NULL, NULL, NULL, NULL, NULL, NULL, NULL, NULL, NULL, NULL, 1, NULL, NULL, 23, NULL, NULL);

INSERT INTO PUBLIC.STORAGETREEDEF(STORAGETREEDEFID, TIMESTAMPCREATED, TIMESTAMPMODIFIED, VERSION, FULLNAMEDIRECTION, NAME, REMARKS, CREATEDBYAGENTID, MODIFIEDBYAGENTID) VALUES
(1, TIMESTAMP '2012-01-04 16:15:07.977', TIMESTAMP '2012-01-04 16:15:07.977', 1, -1, 'Storage', NULL, NULL, NULL);

INSERT INTO PUBLIC.STORAGETREEDEFITEM(STORAGETREEDEFITEMID, TIMESTAMPCREATED, TIMESTAMPMODIFIED, VERSION, FULLNAMESEPARATOR, ISENFORCED, ISINFULLNAME, NAME, RANKID, REMARKS, TEXTAFTER, TEXTBEFORE, PARENTITEMID, MODIFIEDBYAGENTID, CREATEDBYAGENTID, STORAGETREEDEFID) VALUES
(1, TIMESTAMP '2012-01-04 16:15:11.66', TIMESTAMP '2012-01-04 16:15:11.66', 0, ', ', TRUE, NULL, 'building', 0, NULL, NULL, NULL, NULL, NULL, NULL, 1),
(2, TIMESTAMP '2012-01-04 16:15:11.66', TIMESTAMP '2012-01-04 16:15:11.66', 0, ', ', NULL, TRUE, 'room', 100, NULL, NULL, NULL, 1, NULL, NULL, 1),
(3, TIMESTAMP '2012-01-04 16:15:11.66', TIMESTAMP '2012-01-04 16:15:11.66', 0, ', ', NULL, TRUE, 'freezer', 200, NULL, NULL, NULL, 2, NULL, NULL, 1),
(4, TIMESTAMP '2012-01-04 16:15:11.66', TIMESTAMP '2012-01-04 16:15:11.66', 0, ', ', NULL, TRUE, 'shelf', 300, NULL, NULL, NULL, 3, NULL, NULL, 1);

INSERT INTO PUBLIC.STORAGE(STORAGEID, TIMESTAMPCREATED, TIMESTAMPMODIFIED, VERSION, ABBREV, FULLNAME, ISACCEPTED, NAME, NUMBER1, NUMBER2, RANKID, REMARKS, TEXT1, TEXT2, TIMESTAMPVERSION, STORAGETREEDEFID, STORAGETREEDEFITEMID, PARENTID, ACCEPTEDID, CREATEDBYAGENTID, MODIFIEDBYAGENTID) VALUES
(1, TIMESTAMP '2012-01-04 16:15:11.661', TIMESTAMP '2012-01-04 16:15:11.661', 0, NULL, 'Dyche Hall', TRUE, 'Dyche Hall', NULL, NULL, 0, NULL, NULL, NULL, NULL, 1, 1, NULL, NULL, NULL, NULL),
(2, TIMESTAMP '2012-01-04 16:15:11.661', TIMESTAMP '2012-01-04 16:15:11.661', 0, NULL, 'Room 701', TRUE, 'Room 701', NULL, NULL, 100, NULL, NULL, NULL, NULL, 1, 2, 1, NULL, NULL, NULL),
(3, TIMESTAMP '2012-01-04 16:15:11.661', TIMESTAMP '2012-01-04 16:15:11.661', 0, NULL, 'Freezer A, Room 701', TRUE, 'Freezer A', NULL, NULL, 200, NULL, NULL, NULL, NULL, 1, 3, 2, NULL, NULL, NULL),
(4, TIMESTAMP '2012-01-04 16:15:11.661', TIMESTAMP '2012-01-04 16:15:11.661', 0, NULL, 'Shelf 1, Freezer A, Room 701', TRUE, 'Shelf 1', NULL, NULL, 300, NULL, NULL, NULL, NULL, 1, 4, 3, NULL, NULL, NULL),
(5, TIMESTAMP '2012-01-04 16:15:11.661', TIMESTAMP '2012-01-04 16:15:11.661', 0, NULL, 'Room 606', TRUE, 'Room 606', NULL, NULL, 100, NULL, NULL, NULL, NULL, 1, 2, 1, NULL, NULL, NULL),
(6, TIMESTAMP '2012-01-04 16:15:11.661', TIMESTAMP '2012-01-04 16:15:11.661', 0, NULL, 'Freezer A, Room 606', TRUE, 'Freezer A', NULL, NULL, 200, NULL, NULL, NULL, NULL, 1, 3, 5, NULL, NULL, NULL),
(7, TIMESTAMP '2012-01-04 16:15:11.661', TIMESTAMP '2012-01-04 16:15:11.661', 0, NULL, 'Shelf 4, Freezer A, Room 606', TRUE, 'Shelf 4', NULL, NULL, 300, NULL, NULL, NULL, NULL, 1, 4, 6, NULL, NULL, NULL),
(8, TIMESTAMP '2012-01-04 16:15:11.661', TIMESTAMP '2012-01-04 16:15:11.661', 0, NULL, 'Shelf 3, Freezer A, Room 606', TRUE, 'Shelf 3', NULL, NULL, 300, NULL, NULL, NULL, NULL, 1, 4, 6, NULL, NULL, NULL),
(9, TIMESTAMP '2012-01-04 16:15:11.661', TIMESTAMP '2012-01-04 16:15:11.661', 0, NULL, 'Shelf 5, Freezer A, Room 606', TRUE, 'Shelf 5', NULL, NULL, 300, NULL, NULL, NULL, NULL, 1, 4, 6, NULL, NULL, NULL),
(10, TIMESTAMP '2012-01-04 16:15:11.661', TIMESTAMP '2012-01-04 16:15:11.661', 0, NULL, 'Shelf 2, Freezer A, Room 606', TRUE, 'Shelf 2', NULL, NULL, 300, NULL, NULL, NULL, NULL, 1, 4, 6, NULL, NULL, NULL),
(11, TIMESTAMP '2012-01-04 16:15:11.661', TIMESTAMP '2012-01-04 16:15:11.661', 0, NULL, 'Shelf 1, Freezer A, Room 606', TRUE, 'Shelf 1', NULL, NULL, 300, NULL, NULL, NULL, NULL, 1, 4, 6, NULL, NULL, NULL),
(12, TIMESTAMP '2012-01-04 16:15:11.661', TIMESTAMP '2012-01-04 16:15:11.661', 0, NULL, 'Room 703', TRUE, 'Room 703', NULL, NULL, 100, NULL, NULL, NULL, NULL, 1, 2, 1, NULL, NULL, NULL),
(13, TIMESTAMP '2012-01-04 16:15:11.661', TIMESTAMP '2012-01-04 16:15:11.661', 0, NULL, 'Freezer A, Room 703', TRUE, 'Freezer A', NULL, NULL, 200, NULL, NULL, NULL, NULL, 1, 3, 12, NULL, NULL, NULL),
(14, TIMESTAMP '2012-01-04 16:15:11.661', TIMESTAMP '2012-01-04 16:15:11.661', 0, NULL, 'Shelf 3, Freezer A, Room 703', TRUE, 'Shelf 3', NULL, NULL, 300, NULL, NULL, NULL, NULL, 1, 4, 13, NULL, NULL, NULL),
(15, TIMESTAMP '2012-01-04 16:15:11.661', TIMESTAMP '2012-01-04 16:15:11.661', 0, NULL, 'Shelf 1, Freezer A, Room 703', TRUE, 'Shelf 1', NULL, NULL, 300, NULL, NULL, NULL, NULL, 1, 4, 13, NULL, NULL, NULL),
(16, TIMESTAMP '2012-01-04 16:15:11.661', TIMESTAMP '2012-01-04 16:15:11.661', 0, NULL, 'Shelf 2, Freezer A, Room 703', TRUE, 'Shelf 2', NULL, NULL, 300, NULL, NULL, NULL, NULL, 1, 4, 13, NULL, NULL, NULL);

INSERT INTO PUBLIC.GEOGRAPHYTREEDEF(GEOGRAPHYTREEDEFID, TIMESTAMPCREATED, TIMESTAMPMODIFIED, VERSION, FULLNAMEDIRECTION, NAME, REMARKS, CREATEDBYAGENTID, MODIFIEDBYAGENTID) VALUES
(1, TIMESTAMP '2012-01-04 16:15:07.977', TIMESTAMP '2012-01-04 16:15:07.977', 1, -1, 'Geography', NULL, NULL, NULL);

INSERT INTO PUBLIC.GEOGRAPHYTREEDEFITEM(GEOGRAPHYTREEDEFITEMID, TIMESTAMPCREATED, TIMESTAMPMODIFIED, VERSION, FULLNAMESEPARATOR, ISENFORCED, ISINFULLNAME, NAME, RANKID, REMARKS, TEXTAFTER, TEXTBEFORE, MODIFIEDBYAGENTID, CREATEDBYAGENTID, GEOGRAPHYTREEDEFID, PARENTITEMID) VALUES
(1, TIMESTAMP '2012-01-04 16:15:11.589', TIMESTAMP '2012-01-04 16:15:11.589', 0, ', ', TRUE, NULL, '   ', 0, NULL, NULL, NULL, NULL, NULL, 1, NULL),
(2, TIMESTAMP '2012-01-04 16:15:11.589', TIMESTAMP '2012-01-04 16:15:11.589', 0, ', ', NULL, NULL, 'Continent', 100, NULL, NULL, NULL, NULL, NULL, 1, 1),
(3, TIMESTAMP '2012-01-04 16:15:11.589', TIMESTAMP '2012-01-04 16:15:11.589', 0, ', ', NULL, NULL, 'Country', 200, NULL, NULL, NULL, NULL, NULL, 1, 2),
(4, TIMESTAMP '2012-01-04 16:15:11.589', TIMESTAMP '2012-01-04 16:15:11.589', 0, ', ', NULL, TRUE, 'State', 300, NULL, NULL, NULL, NULL, NULL, 1, 3),
(5, TIMESTAMP '2012-01-04 16:15:11.589', TIMESTAMP '2012-01-04 16:15:11.589', 0, ', ', NULL, TRUE, 'County', 400, NULL, NULL, NULL, NULL, NULL, 1, 4);

INSERT INTO PUBLIC.GEOGRAPHY(GEOGRAPHYID, TIMESTAMPCREATED, TIMESTAMPMODIFIED, VERSION, ABBREV, CENTROIDLAT, CENTROIDLON, COMMONNAME, FULLNAME, GEOGRAPHYCODE, GML, GUID, ISACCEPTED, ISCURRENT, NAME, NUMBER1, NUMBER2, RANKID, REMARKS, TEXT1, TEXT2, TIMESTAMPVERSION, GEOGRAPHYTREEDEFID, CREATEDBYAGENTID, PARENTID, ACCEPTEDID, GEOGRAPHYTREEDEFITEMID, MODIFIEDBYAGENTID) VALUES
(1, TIMESTAMP '2012-01-04 16:15:11.589', TIMESTAMP '2012-01-04 16:15:11.589', 0, NULL, NULL, NULL, NULL, 'Earth', NULL, NULL, NULL, TRUE, TRUE, 'Earth', NULL, NULL, 0, NULL, NULL, NULL, NULL, 1, NULL, NULL, NULL, 1, NULL),
(2, TIMESTAMP '2012-01-04 16:15:11.589', TIMESTAMP '2012-01-04 16:15:11.589', 0, NULL, NULL, NULL, NULL, 'North America', NULL, NULL, NULL, TRUE, TRUE, 'North America', NULL, NULL, 100, NULL, NULL, NULL, NULL, 1, NULL, 1, NULL, 2, NULL),
(3, TIMESTAMP '2012-01-04 16:15:11.589', TIMESTAMP '2012-01-04 16:15:11.589', 0, NULL, NULL, NULL, NULL, 'United States', NULL, NULL, NULL, TRUE, TRUE, 'United States', NULL, NULL, 200, NULL, NULL, NULL, NULL, 1, NULL, 2, NULL, 3, NULL),
(4, TIMESTAMP '2012-01-04 16:15:11.589', TIMESTAMP '2012-01-04 16:15:11.589', 0, NULL, NULL, NULL, NULL, 'Kansas', NULL, NULL, NULL, TRUE, TRUE, 'Kansas', NULL, NULL, 300, NULL, NULL, NULL, NULL, 1, NULL, 3, NULL, 4, NULL),
(5, TIMESTAMP '2012-01-04 16:15:11.59', TIMESTAMP '2012-01-04 16:15:11.59', 0, NULL, NULL, NULL, NULL, 'Sedgwick, Kansas', NULL, NULL, NULL, TRUE, TRUE, 'Sedgwick', NULL, NULL, 400, NULL, NULL, NULL, NULL, 1, NULL, 4, NULL, 5, NULL),
(6, TIMESTAMP '2012-01-04 16:15:11.589', TIMESTAMP '2012-01-04 16:15:11.589', 0, NULL, NULL, NULL, NULL, 'Cherokee, Kansas', NULL, NULL, NULL, TRUE, TRUE, 'Cherokee', NULL, NULL, 400, NULL, NULL, NULL, NULL, 1, NULL, 4, NULL, 5, NULL),
(7, TIMESTAMP '2012-01-04 16:15:11.589', TIMESTAMP '2012-01-04 16:15:11.589', 0, NULL, NULL, NULL, NULL, 'Douglas, Kansas', NULL, NULL, NULL, TRUE, TRUE, 'Douglas', NULL, NULL, 400, NULL, NULL, NULL, NULL, 1, NULL, 4, NULL, 5, NULL),
(8, TIMESTAMP '2012-01-04 16:15:11.59', TIMESTAMP '2012-01-04 16:15:11.59', 0, NULL, NULL, NULL, NULL, 'Osage, Kansas', NULL, NULL, NULL, TRUE, TRUE, 'Osage', NULL, NULL, 400, NULL, NULL, NULL, NULL, 1, NULL, 4, NULL, 5, NULL),
(9, TIMESTAMP '2012-01-04 16:15:11.589', TIMESTAMP '2012-01-04 16:15:11.589', 0, NULL, NULL, NULL, NULL, 'Johnson, Kansas', NULL, NULL, NULL, TRUE, TRUE, 'Johnson', NULL, NULL, 400, NULL, NULL, NULL, NULL, 1, NULL, 4, NULL, 5, NULL),
(10, TIMESTAMP '2012-01-04 16:15:11.589', TIMESTAMP '2012-01-04 16:15:11.589', 0, NULL, NULL, NULL, NULL, 'Nebraska', NULL, NULL, NULL, TRUE, TRUE, 'Nebraska', NULL, NULL, 300, NULL, NULL, NULL, NULL, 1, NULL, 3, NULL, 4, NULL),
(11, TIMESTAMP '2012-01-04 16:15:11.59', TIMESTAMP '2012-01-04 16:15:11.59', 0, NULL, NULL, NULL, NULL, 'Wheeler, Nebraska', NULL, NULL, NULL, TRUE, TRUE, 'Wheeler', NULL, NULL, 400, NULL, NULL, NULL, NULL, 1, NULL, 10, NULL, 5, NULL),
(12, TIMESTAMP '2012-01-04 16:15:11.59', TIMESTAMP '2012-01-04 16:15:11.59', 0, NULL, NULL, NULL, NULL, 'Dakota, Nebraska', NULL, NULL, NULL, TRUE, TRUE, 'Dakota', NULL, NULL, 400, NULL, NULL, NULL, NULL, 1, NULL, 10, NULL, 5, NULL),
(13, TIMESTAMP '2012-01-04 16:15:11.59', TIMESTAMP '2012-01-04 16:15:11.59', 0, NULL, NULL, NULL, NULL, 'Johnson, Nebraska', NULL, NULL, NULL, TRUE, TRUE, 'Johnson', NULL, NULL, 400, NULL, NULL, NULL, NULL, 1, NULL, 10, NULL, 5, NULL),
(14, TIMESTAMP '2012-01-04 16:15:11.59', TIMESTAMP '2012-01-04 16:15:11.59', 0, NULL, NULL, NULL, NULL, 'Logan, Nebraska', NULL, NULL, NULL, TRUE, TRUE, 'Logan', NULL, NULL, 400, NULL, NULL, NULL, NULL, 1, NULL, 10, NULL, 5, NULL),
(15, TIMESTAMP '2012-01-04 16:15:11.59', TIMESTAMP '2012-01-04 16:15:11.59', 0, NULL, NULL, NULL, NULL, 'Valley, Nebraska', NULL, NULL, NULL, TRUE, TRUE, 'Valley', NULL, NULL, 400, NULL, NULL, NULL, NULL, 1, NULL, 10, NULL, 5, NULL),
(16, TIMESTAMP '2012-01-04 16:15:11.589', TIMESTAMP '2012-01-04 16:15:11.589', 0, NULL, NULL, NULL, NULL, 'Iowa', NULL, NULL, NULL, TRUE, TRUE, 'Iowa', NULL, NULL, 300, NULL, NULL, NULL, NULL, 1, NULL, 3, NULL, 4, NULL),
(17, TIMESTAMP '2012-01-04 16:15:11.59', TIMESTAMP '2012-01-04 16:15:11.59', 0, NULL, NULL, NULL, NULL, 'Johnson, Iowa', NULL, NULL, NULL, TRUE, TRUE, 'Johnson', NULL, NULL, 400, NULL, NULL, NULL, NULL, 1, NULL, 16, NULL, 5, NULL); 
INSERT INTO PUBLIC.GEOGRAPHY(GEOGRAPHYID, TIMESTAMPCREATED, TIMESTAMPMODIFIED, VERSION, ABBREV, CENTROIDLAT, CENTROIDLON, COMMONNAME, FULLNAME, GEOGRAPHYCODE, GML, GUID, ISACCEPTED, ISCURRENT, NAME, NUMBER1, NUMBER2, RANKID, REMARKS, TEXT1, TEXT2, TIMESTAMPVERSION, GEOGRAPHYTREEDEFID, CREATEDBYAGENTID, PARENTID, ACCEPTEDID, GEOGRAPHYTREEDEFITEMID, MODIFIEDBYAGENTID) VALUES
(18, TIMESTAMP '2012-01-04 16:15:11.59', TIMESTAMP '2012-01-04 16:15:11.59', 0, NULL, NULL, NULL, NULL, 'Woodbury, Iowa', NULL, NULL, NULL, TRUE, TRUE, 'Woodbury', NULL, NULL, 400, NULL, NULL, NULL, NULL, 1, NULL, 16, NULL, 5, NULL),
(19, TIMESTAMP '2012-01-04 16:15:11.59', TIMESTAMP '2012-01-04 16:15:11.59', 0, NULL, NULL, NULL, NULL, 'Polk, Iowa', NULL, NULL, NULL, TRUE, TRUE, 'Polk', NULL, NULL, 400, NULL, NULL, NULL, NULL, 1, NULL, 16, NULL, 5, NULL),
(20, TIMESTAMP '2012-01-04 16:15:11.59', TIMESTAMP '2012-01-04 16:15:11.59', 0, NULL, NULL, NULL, NULL, 'Fayette, Iowa', NULL, NULL, NULL, TRUE, TRUE, 'Fayette', NULL, NULL, 400, NULL, NULL, NULL, NULL, 1, NULL, 16, NULL, 5, NULL),
(21, TIMESTAMP '2012-01-04 16:15:11.59', TIMESTAMP '2012-01-04 16:15:11.59', 0, NULL, NULL, NULL, NULL, 'Blackhawk, Iowa', NULL, NULL, NULL, TRUE, TRUE, 'Blackhawk', NULL, NULL, 400, NULL, NULL, NULL, NULL, 1, NULL, 16, NULL, 5, NULL);

